portal_id	AA1	AA12	AA14	AA16	AA1_1	AA1_2	AA1_dist	AA2	AA2_dist	AA3	AA3_1	AA3_2	AA3_3	AA3_4	AA5	AA5_1	AA6	AA7	AA8	AA9	AA9_dist	CBM1	CBM12	CBM13	CBM18	CBM19	CBM20	CBM21	CBM35	CBM43	CBM48	CBM5	CBM50	CE1	CE12	CE15	CE16	CE4	CE5	CE8	CE9	EXPN	GH1	GH10	GH105	GH11	GH115	GH12	GH125	GH127	GH128	GH13	GH131	GH133	GH135	GH13_1	GH13_22	GH13_25	GH13_32	GH13_40	GH13_5	GH13_8	GH145	GH15	GH152	GH154	GH16	GH17	GH18	GH2	GH20	GH23	GH25	GH27	GH28	GH3	GH30	GH30_3	GH30_dist	GH31	GH32	GH35	GH37	GH38	GH43	GH44	GH45	GH47	GH5	GH51	GH53	GH55	GH5_12	GH5_15	GH5_22	GH5_30	GH5_31	GH5_5	GH5_50	GH5_7	GH5_9	GH6	GH63	GH7	GH71	GH72	GH74	GH76	GH78	GH79	GH85	GH88	GH89	GH9	GH92	GH93	GH95	GT1	GT15	GT17	GT2	GT20	GT21	GT22	GT24	GT25	GT3	GT31	GT32	GT33	GT35	GT39	GT4	GT41	GT48	GT49	GT5	GT50	GT57	GT58	GT59	GT66	GT69	GT76	GT8	GT90	Myosin_motor	PL14	PL14_3	PL14_4	PL14_5	PL1_7	PL35	PL3_2	PL4_1	PL4_3	PL8_4
Antsi1	1	0	2	0	5	1	0	1	0	0	0	14	6	1	0	4	1	0	0	2	0	0	1	1	1	0	1	2	1	2	3	4	4	0	0	0	3	3	0	2	1	13	1	2	0	0	1	3	1	0	5	0	0	1	0	3	1	1	0	0	1	1	0	4	2	1	22	2	10	3	4	1	0	2	6	10	0	2	0	5	0	1	2	1	1	0	0	4	0	1	1	3	2	1	2	0	2	2	2	2	4	0	1	0	2	2	0	0	2	3	1	1	1	0	3	0	1	5	3	1	12	3	1	4	1	0	1	1	1	1	1	3	4	1	2	1	1	1	2	1	1	1	2	1	7	1	2	0	1	1	1	0	1	0	0	0	0
Bjead1_1	1	1	3	1	0	1	0	20	0	0	1	30	8	1	0	7	4	0	2	28	0	32	1	13	1	0	2	2	1	1	3	4	2	1	1	2	15	3	0	2	1	16	2	4	1	0	2	2	1	0	5	0	3	2	2	2	1	1	3	1	1	1	1	2	4	1	21	3	16	3	4	1	1	3	6	9	0	1	0	4	0	4	3	1	6	0	1	6	0	2	1	3	2	1	2	0	1	4	2	2	5	1	1	5	3	1	2	0	2	9	1	1	1	1	3	0	1	12	3	0	12	3	1	4	1	0	1	1	1	1	1	3	4	1	2	1	1	1	2	1	1	1	2	1	8	1	2	0	1	3	1	1	1	2	1	0	1
Cersu1	1	0	2	0	7	1	0	16	1	0	1	17	4	0	0	3	0	0	2	9	0	17	1	6	1	0	4	2	0	1	2	3	1	2	0	2	5	3	0	2	1	11	3	6	0	1	2	2	1	1	3	0	1	1	2	2	1	1	2	0	0	1	1	3	3	1	24	3	14	4	3	1	1	4	6	6	0	1	0	5	0	1	2	1	2	0	2	4	1	2	6	2	2	1	2	0	1	2	1	2	6	1	1	3	1	1	1	0	1	8	1	1	2	0	3	0	1	7	2	0	15	3	1	3	1	0	1	1	2	1	1	3	4	1	3	1	1	1	2	1	1	1	1	1	6	1	2	1	0	2	1	0	1	0	0	0	2
Daequ1	1	0	2	0	3	1	1	1	0	0	0	13	4	0	0	4	1	3	0	4	0	0	1	1	1	0	2	2	1	1	3	4	8	1	0	1	10	3	0	1	1	10	2	4	0	0	1	2	1	0	3	0	1	1	0	3	1	1	0	0	1	1	0	2	4	1	23	2	12	3	3	1	0	4	9	8	1	3	2	4	1	1	3	1	4	0	1	5	0	1	1	3	2	1	2	0	3	2	2	2	4	0	1	0	5	1	0	0	3	4	1	1	2	0	3	0	1	5	3	1	13	3	1	4	1	0	1	1	1	1	1	3	4	1	2	1	1	1	2	1	1	1	2	1	7	1	2	1	0	0	1	0	1	0	0	0	0
Dicsqu18370_1	2	0	4	0	11	1	0	13	0	0	1	38	4	0	0	10	1	4	2	16	0	18	1	16	1	0	2	2	1	1	3	5	8	1	2	2	8	3	0	3	1	20	3	5	1	0	2	3	1	0	5	0	3	1	2	2	1	1	2	0	1	1	1	2	3	1	37	4	23	4	4	1	2	6	7	8	0	2	0	6	2	3	4	1	7	1	3	5	0	2	1	2	2	1	2	0	1	3	2	2	7	1	1	4	4	1	1	1	3	13	1	1	1	1	5	1	1	9	6	1	12	3	1	4	1	0	1	1	1	1	1	3	5	1	3	1	2	1	2	1	1	1	3	1	6	1	2	1	0	5	1	0	3	0	0	1	3
Fibra1	1	0	2	0	2	1	0	1	0	0	0	16	6	0	0	3	1	0	0	2	0	1	1	0	3	0	1	2	1	1	3	4	10	0	0	0	5	3	0	2	1	16	2	3	0	0	2	2	1	0	2	0	0	1	0	4	1	1	0	0	1	1	0	2	2	0	16	1	9	3	2	1	0	3	9	7	0	1	0	6	0	1	2	1	3	0	1	6	0	3	1	3	2	1	2	0	1	3	2	2	2	0	1	0	1	1	0	0	3	2	1	1	1	0	3	0	1	3	4	0	13	3	1	3	1	0	1	0	1	1	1	3	4	0	2	1	1	1	1	1	1	1	2	1	8	1	2	1	0	0	1	0	1	0	0	0	0
Fompi3	1	0	3	0	5	1	0	1	0	0	0	16	5	0	0	4	1	4	0	4	0	0	1	11	1	0	2	2	1	1	3	4	19	0	0	1	8	3	0	2	2	20	2	3	1	0	1	2	1	0	4	0	1	1	0	4	1	1	0	0	1	1	0	2	5	1	27	3	21	4	4	1	0	4	12	11	0	4	3	5	4	2	2	1	7	0	2	6	0	3	1	3	2	1	2	0	2	3	2	2	5	0	1	0	4	1	0	0	4	4	1	1	2	0	5	0	1	6	5	1	15	4	1	5	1	0	1	1	1	1	1	3	4	1	2	1	1	1	2	2	1	1	2	1	7	1	2	1	0	0	2	0	1	0	0	0	0
Gansp1	0	0	4	0	0	0	0	0	0	0	0	0	5	0	0	0	2	0	0	0	0	0	0	0	0	0	0	0	0	0	0	0	0	0	0	0	0	0	0	0	0	0	0	0	0	0	0	0	0	0	0	0	0	0	0	0	0	0	0	0	0	0	0	0	0	0	0	0	0	0	0	0	0	0	0	0	0	0	0	0	0	0	0	0	0	0	0	0	0	0	0	0	0	0	0	0	0	0	0	0	0	0	0	0	0	0	0	0	0	0	0	0	0	0	0	0	0	0	0	0	0	0	0	0	0	0	0	0	0	0	0	0	0	0	0	0	0	0	0	0	0	0	0	0	0	0	0	0	0	0	0	0	0	0	0	0	0
Laesu1	3	0	3	0	3	1	0	1	0	0	0	26	4	0	0	5	1	0	0	2	0	0	1	5	1	0	1	2	1	1	3	4	4	2	0	0	7	3	0	1	1	11	2	3	0	0	3	2	1	0	2	1	0	1	0	5	1	1	0	0	1	1	0	2	2	1	20	2	9	4	3	1	0	3	8	7	0	1	0	4	0	1	2	1	1	0	2	5	0	2	1	4	2	3	2	0	0	2	3	2	6	0	1	2	5	1	0	0	3	4	1	1	2	0	4	0	1	6	6	0	13	3	1	3	1	0	1	1	1	1	1	3	5	1	2	1	1	1	2	1	1	1	2	1	7	1	2	1	0	1	1	0	1	0	0	0	0
Lenti7_1	1	0	4	0	9	1	0	19	0	0	1	25	3	1	1	10	2	2	2	16	0	21	1	3	1	0	2	2	1	1	3	4	6	3	1	2	8	4	0	4	1	17	2	6	2	0	1	4	1	0	4	0	3	1	1	2	1	1	2	0	1	1	1	2	6	1	31	3	22	3	5	1	3	4	12	9	0	2	0	7	1	5	4	1	5	1	4	6	0	2	2	2	2	2	2	0	1	3	2	2	7	1	1	4	5	1	1	1	2	12	2	1	1	1	6	1	1	9	3	1	14	3	1	5	1	0	1	1	1	1	2	3	6	1	7	1	2	1	2	1	1	1	4	1	8	1	3	1	0	4	2	0	2	0	1	1	3
Obbri1	1	0	2	0	8	1	0	15	0	0	1	19	5	0	0	4	1	0	2	8	0	17	1	2	1	0	3	2	0	1	3	4	8	2	0	2	8	3	0	2	1	18	3	6	0	0	2	2	1	1	3	0	2	1	1	2	1	1	1	0	1	1	1	3	2	1	23	2	14	3	4	1	1	4	5	7	0	2	0	6	0	1	2	1	2	0	3	5	1	2	1	2	2	1	2	0	1	2	1	2	5	1	1	2	1	1	1	0	1	9	1	1	2	1	4	0	1	10	3	0	15	3	1	4	1	0	1	1	2	1	1	3	4	1	5	1	1	1	2	1	1	1	1	1	11	1	2	0	1	2	1	0	1	0	0	0	2
Phchr2	4	1	2	0	0	1	0	16	0	0	1	34	3	1	0	7	4	0	2	16	0	36	1	8	1	0	2	2	1	1	3	4	12	4	0	2	7	4	0	2	1	13	2	6	0	1	1	2	1	0	4	0	3	1	1	2	1	1	1	2	1	1	1	2	6	1	22	2	11	2	4	1	1	3	5	10	0	1	1	6	0	3	2	1	4	0	2	5	0	2	1	2	2	1	2	0	1	2	2	3	6	1	1	8	3	1	4	0	1	8	1	1	2	1	4	0	1	9	2	1	13	3	1	4	1	0	1	1	1	1	1	3	4	1	2	1	1	1	2	1	1	1	2	1	9	1	2	1	0	3	1	0	1	0	0	0	1
Phlbr1	0	1	2	0	0	0	0	8	0	0	0	0	6	0	0	0	4	0	0	0	0	17	1	27	5	0	0	2	0	0	3	0	20	1	0	2	5	2	1	3	1	0	0	4	0	0	0	0	0	0	0	0	0	0	0	0	0	0	0	0	0	1	0	0	0	0	1	0	2	0	0	0	0	0	0	1	0	0	0	0	0	0	0	0	0	0	0	0	0	0	0	0	0	0	0	0	0	4	0	1	0	1	0	0	0	0	0	0	0	0	0	0	0	0	0	0	0	0	0	0	0	0	0	0	0	0	0	0	0	0	0	0	0	0	0	0	0	0	0	0	0	0	0	0	0	0	0	0	0	0	0	0	0	0	0	0	0
Phlgi1	4	2	3	0	0	1	0	9	0	0	1	19	3	1	0	6	4	0	2	15	0	25	1	7	1	0	2	2	1	1	3	3	2	1	1	1	8	3	0	4	1	12	2	4	0	3	1	3	1	0	6	0	2	1	1	2	1	1	1	2	1	1	1	2	3	1	23	2	12	3	4	1	1	3	10	9	0	2	0	6	0	2	2	1	7	0	1	6	0	2	1	2	1	1	2	0	2	4	2	2	5	1	1	5	4	1	2	0	1	7	1	1	2	1	4	0	0	6	2	1	12	3	1	3	1	1	1	1	1	1	1	3	4	0	2	1	1	1	2	1	1	1	2	1	6	1	2	1	0	3	1	0	1	0	0	0	1
Polbr1	1	0	4	0	9	1	0	19	0	2	1	30	3	1	0	8	3	1	2	16	1	20	1	7	2	1	2	3	1	1	3	5	13	4	1	2	8	3	0	4	1	31	2	6	2	0	1	3	1	0	7	0	3	1	1	3	1	1	2	0	1	1	1	2	5	1	33	3	25	4	5	1	1	3	11	9	0	2	1	6	1	4	2	3	5	1	3	5	0	2	1	2	2	1	2	0	0	3	2	2	7	1	1	3	5	1	1	1	2	12	1	1	1	1	5	1	1	11	4	1	15	4	1	4	1	0	1	1	1	1	1	3	4	1	2	1	1	1	2	1	1	1	2	1	10	1	2	4	0	4	1	0	2	0	1	1	3
PosplRSB12_1	1	0	2	0	2	1	0	1	0	0	0	24	5	0	0	3	1	0	0	2	0	0	1	15	1	0	1	2	1	2	3	5	4	0	0	1	4	2	0	2	1	21	2	3	0	0	1	2	1	0	5	0	0	1	0	3	1	1	0	0	1	1	0	2	2	1	24	2	11	4	3	1	0	3	8	6	0	3	0	4	0	1	3	1	1	0	1	5	0	1	1	3	2	1	2	0	1	3	2	2	4	0	1	0	2	2	0	0	3	2	1	1	1	0	3	0	1	4	4	0	14	3	1	5	1	0	3	1	1	1	1	3	4	1	2	1	1	1	2	1	1	1	3	1	8	1	2	1	0	1	3	0	1	0	0	0	0
Pycco1	1	0	4	0	5	1	0	11	0	0	1	20	3	2	0	7	1	0	2	16	0	22	1	5	1	0	2	2	1	1	3	6	5	3	0	2	7	3	0	2	1	13	2	6	0	0	2	3	1	0	4	0	3	1	1	2	1	1	1	0	1	1	1	2	6	1	28	2	19	2	5	1	1	4	7	8	0	2	1	6	1	2	2	1	3	0	3	5	0	2	1	2	2	1	2	0	0	3	2	4	6	1	1	3	4	1	1	1	2	8	1	1	1	1	5	0	1	24	3	1	13	3	1	4	1	0	1	1	1	1	1	3	4	0	2	1	1	1	2	1	1	1	2	1	6	1	2	1	0	4	1	0	2	0	0	1	2
Rigmic1	0	1	0	0	5	2	0	6	0	0	1	10	1	0	0	9	1	0	1	22	0	32	1	7	0	0	3	2	1	1	2	3	6	2	0	3	7	6	0	2	1	13	5	8	1	0	3	0	2	2	4	0	2	1	1	1	1	1	2	2	1	2	1	2	5	1	26	1	10	3	1	1	1	3	7	8	0	0	1	4	0	3	2	1	3	0	3	5	1	1	1	1	2	1	2	2	0	4	0	4	6	4	1	7	1	1	3	0	2	8	1	1	0	1	4	0	1	5	3	1	12	3	1	3	1	0	1	1	1	1	1	3	4	0	5	1	1	1	2	1	1	1	1	1	4	3	2	0	1	3	2	0	1	2	0	0	1
Trave1	1	0	4	0	7	2	0	26	0	0	1	17	4	1	0	9	1	0	2	18	0	23	1	5	1	0	4	2	1	1	3	6	1	3	0	2	6	3	0	2	1	12	2	6	0	0	2	5	1	0	4	0	3	1	2	2	1	1	1	0	1	1	1	4	7	1	31	3	20	5	6	1	1	4	11	13	0	3	1	5	3	2	2	1	3	0	2	5	0	2	1	2	2	1	2	0	1	3	2	2	9	1	1	4	5	1	1	0	3	11	1	1	1	1	4	0	1	21	5	1	14	3	1	4	1	0	2	1	1	1	1	3	4	1	2	1	1	1	2	1	1	1	2	1	5	1	2	1	0	4	1	0	2	0	0	1	2
Wolco1	1	0	2	0	3	2	0	1	0	0	0	8	6	0	0	4	1	0	0	2	0	0	1	3	1	0	1	1	1	1	3	4	0	0	0	1	6	4	0	1	1	13	1	4	0	0	2	2	1	0	2	1	0	1	0	5	2	1	0	0	1	1	0	2	3	1	19	2	11	3	2	1	0	3	9	8	0	2	0	5	0	2	4	1	1	0	0	5	0	4	1	3	2	1	2	0	2	2	2	2	5	0	1	0	1	2	0	0	3	3	1	1	1	0	3	0	1	4	3	1	14	3	1	4	1	0	1	1	1	1	1	3	4	1	2	1	2	1	2	1	1	1	2	1	8	1	2	1	0	0	1	0	1	0	0	0	0
